date,rating,tweet,boop
2018-08-22 14:42:35,0.26785714285714285,"b'@MCaruso_Cabrera So smart, #Wellesley girl!'",0.13455301131616923
2018-08-22 01:46:00,0.0,b'RT @CGasparino: MAGA=My Attorney Got Arrested https://t.co/hqwghLjS44',0.13455301131616923
2018-08-05 19:23:02,0.325,b'RT @jason_kint: Please watch. This is exactly what has worried me from the beginning. Press will continue to do its important work of seeki\xe2\x80\xa6',0.13455301131616923
2018-07-03 11:03:01,0.0,"b'RT @mjcaswell: @JohnJHarwood Being held accountable for your actions is not discrimination. Being judged solely on your religion, race, gen\xe2\x80\xa6'",0.13455301131616923
2018-07-03 11:02:47,-0.056613756613756644,"b""RT @nminow: @JohnJHarwood Tell Dersh that the Talmud has good advice for this situation: When three people tell you you're sick, lie down.""",0.13455301131616923
2018-06-26 18:22:00,0.8,"b'Great story. Dee Ray, the Co-founder, worked for my family\xe2\x80\x99s business. https://t.co/xoL2CcDEqm'",0.13455301131616923
2018-06-16 10:59:48,0.10000000000000002,"b""RT @antillaview: Let's make something clear about this battle that was so generously funded by Wall Street: It had nothing to do with prote\xe2\x80\xa6""",0.13455301131616923
2018-06-14 12:26:05,0.0,"b'Trusted counterparties for publishers is existential. For brand safety, ad effectiveness, contextual effectiveness  https://t.co/Zb2lo5MT5S'",0.13455301131616923
2018-06-06 18:00:53,0.5,"b'Judge Aaron Persky, Who Gave a 6-Month Sentence for Sexual Assault, Removed in Recall Vote   via @NYTimes https://t.co/HnepT8Il0J'",0.13455301131616923
2018-06-04 20:01:02,0.0,"b'Just discovered this blurb about a dear friend, Mina Gerowin https://t.co/b19A6ZzHhI'",0.13455301131616923
2018-05-17 13:56:48,0.1,b'Too young.  https://t.co/4EOOG2KsN2',0.13455301131616923
2018-04-30 00:00:19,0.0,b'https://t.co/pfymWAEyfX',0.13455301131616923
2018-04-28 01:12:12,0.0,b'RT @ItsMikeKay: Uber has just announced its newest tier: UberEntourage https://t.co/7KWVX2GXrp',0.13455301131616923
2018-04-24 17:04:14,0.0,b'https://t.co/wEyZTQMrbW',0.13455301131616923
2018-04-22 02:43:14,-0.25,"b""RT @davidfaber: Trump's contention about ships at sea fully loaded with oil is wrong. Chart shows  global inventory build in 2014+ time and\xe2\x80\xa6""",0.13455301131616923
2018-04-14 13:59:46,0.0,"b""Comey's shameful and despicable book - The Hill https://t.co/yYgEbl8F1V""",0.13455301131616923
2018-04-11 13:54:16,-0.2916666666666667,b'RT @jason_kint: Sen. Harris puts Zuckerberg between a rock and a hard place for not disclosing data misuse https://t.co/Ds7cn974WE via @tec\xe2\x80\xa6',0.13455301131616923
2018-04-01 14:52:22,0.0,b'Not an April Fool\xe2\x80\x99s joke. https://t.co/WLFE1xLFLo',0.13455301131616923
2018-03-31 18:52:13,0.375,b'@antillaview So many what we called Queen Bees. I know exactly whom you mean\xf0\x9f\x91\x8d',0.13455301131616923
2018-03-31 18:13:24,0.15,"b'@antillaview I agree completely. No way would I claim #metoo. And we went through hell, everything short of forcible rape.'",0.13455301131616923
2018-03-29 03:47:09,0.0,b'#Wellesley continues to lose its mind: Koch effort at Wellesley will be overhauled after public attention\xe2\x80\xa6 https://t.co/h5KTEji0Ku',0.13455301131616923
2018-03-29 02:53:11,-0.1,b'Can you believe this?#MorganStanley Knew of a Star\xe2\x80\x99s Alleged Abuse. He Still Works There.   via @NYTimes https://t.co/xoFr6LMeAA',0.13455301131616923
2018-03-26 08:24:28,0.0,b'RT @DougKass: Air Force one leaving palm beach airport https://t.co/E19LQ1rEQa',0.13455301131616923
2018-03-26 08:23:11,0.0,b'@DavidLevien Tonawandah',0.13455301131616923
2018-03-24 16:44:26,0.0,b'@ReformedBroker Ha!',0.13455301131616923
2018-03-22 13:47:00,0.0,b'@TimOBrien Ha!',0.13455301131616923
2018-03-21 09:09:37,0.0,"b'Austin\xe2\x80\x99s nightmare is over, PTL: BREAKING: Austin bombing suspect dies as police close in, official says https://t.co/qPI43eQ2nP'",0.13455301131616923
2018-03-21 09:05:31,0.13636363636363635,b'RT @MichaelWolffNYC: FIRE AND FURY enters its 10th week as #1 on the New York Times Bestseller List.',0.13455301131616923
2018-03-20 13:45:44,0.0,"b""RT @frankrichny: The bombshell here is that Sheryl Sandberg helped cover up Russian sabotage of Hillary Clinton to preserve Facebook's bott\xe2\x80\xa6""",0.13455301131616923
2018-03-10 16:11:24,0.0,b'Verizon removes #Bloomberg TV. What a shame.  https://t.co/eYouM4pk3y',0.13455301131616923
2018-03-07 17:27:27,0.5,b'RT @felixsalmon: How many days did Gary Cohn stay on beyond the one-year minimum tour for his Goldman stock sale to go through tax-free?',0.13455301131616923
2018-03-05 01:45:12,0.0,b'RT @ClickHole: This is the 10th time a movie about bicycles has beaten out a movie about the Syrian Civil War. #Oscars',0.13455301131616923
2018-02-27 04:31:58,0.0,"b'RT @SallieKrawcheck: At a cocktail party last night, a male senior executive shared with me, with lots of anecdotes, what he had just learn\xe2\x80\xa6'",0.13455301131616923
2018-02-20 19:26:41,0.37500000000000006,b'Intriguing! How Banks Could Control Gun Sales if Washington Won\xe2\x80\x99t via @NYTimes https://t.co/cKQr4L5oa9',0.13455301131616923
2018-02-20 00:42:20,0.25,"b'Tune in to Traffic Stop tonight on HBO at 8. By Dave and Kate, award winning documentary producers. https://t.co/v2zIMqJx4q'",0.13455301131616923
2018-02-16 03:52:24,0.05000000000000001,"b'RT @maggieNYT: To be clear, this is a massive sea change for the Post after a mass shooting. And this is a Murdoch paper https://t.co/YxKEy\xe2\x80\xa6'",0.13455301131616923
2018-02-07 19:50:03,0.4681818181818182,b'RT @ReformedBroker: Just finished backtesting my new tactical algorithm: \n\nBasically you want to sell stocks anytime the Eagles win a Super\xe2\x80\xa6',0.13455301131616923
2018-02-07 19:48:10,-0.075,"b""RT @JohnJHarwood: increase in Dow Jones Industrial Average from president's Inauguration Day to Feb 5 of following year:\n--Trump 22.7%\n--Ob\xe2\x80\xa6""",0.13455301131616923
2018-02-07 19:47:01,0.0,"b'RT @Stephanie_Link: At 3.53%, the 5/1-Yr Adjustable Rate Mortgage in the US is at its highest level since April 2011.'",0.13455301131616923
2018-02-05 03:27:19,0.4148148148148148,"b""RT @adamfeuerstein: Congrats, Eagles. You deserved to win. You made the one defensive stop that mattered. Now, don't burn down your own cit\xe2\x80\xa6""",0.13455301131616923
2018-02-05 02:47:55,0.29166666666666663,b'RT @NFLResearch: Nick Foles is the first player in NFL history to throw and catch a touchdown in the Super Bowl\n\n#SBLII',0.13455301131616923
2018-02-05 02:47:32,-0.42500000000000004,"b""RT @stoolpresidente: For the record I don't hate Eagle. fans.  I respect them.  Passionate as hell.  But they are trash.""",0.13455301131616923
2018-01-20 21:23:15,0.0,b'Pussy hats!! https://t.co/xgPhKKiXSh',0.13455301131616923
2018-01-17 17:04:47,-0.050000000000000044,b'Good grief https://t.co/q1IKOMN1lJ',0.13455301131616923
2018-01-11 18:27:07,0.0,b'@MikeBloomberg teased presidential candidacy with Oprah',0.13455301131616923
2018-01-11 18:23:22,0.0,b'@MikeBloomberg coming up on MSNBC Re: the wall.',0.13455301131616923
2018-01-10 00:27:45,-0.19444444444444448,b'@MichaelWolffNYC the book that brought down Bannon. Boo yah!',0.13455301131616923
2018-01-10 00:23:44,0.0,"b'RT @ReformedBroker: \xe2\x80\x9cWhat will you do with your bonus?\xe2\x80\x9d\n\nProbably buy gasoline and pay some credit card debt, what about you? \n\n\xe2\x80\x9cTreasury b\xe2\x80\xa6'",0.13455301131616923
2018-01-10 00:01:20,0.0,"b""RT @TimOBrien: Federal judges toss out North Carolina's electoral map, saying it was drawn to favor Republicans. https://t.co/36WTIvaBA2""",0.13455301131616923
2018-01-09 22:12:06,0.8,b'RT @edemarse: @mitchellreports @MichaelWolffNYC Also POTUS is Olympian of Sexism. Great interview.',0.13455301131616923
2018-01-09 17:37:48,0.8,b'@mitchellreports @MichaelWolffNYC Also POTUS is Olympian of Sexism. Great interview.',0.13455301131616923
2018-01-09 17:31:27,0.35,b'RT @TimOBrien: This is true. \xe2\xac\x87\xef\xb8\x8f\xe2\xac\x87\xef\xb8\x8f\xe2\xac\x87\xef\xb8\x8f. Via @Fahrenthold https://t.co/8TddXI5aOP',0.13455301131616923
2018-01-09 17:05:30,0.0,"b""Rashoman: Michael Wolff: You Should Believe All Of 'Fire And Fury' https://t.co/m6RZuiWJ5e via @YouTube""",0.13455301131616923
2018-01-09 03:25:03,0.0,b'@MichaelWolffNYC see Bannon called Steve Miller \xe2\x80\x9cmy typist\xe2\x80\x9d  https://t.co/NquRJdS3Mm',0.13455301131616923
2018-01-09 03:13:45,0.0,b'RT @Ned_Newhouse: liar liar pants on inferno. https://t.co/B7XN8hAxwB',0.13455301131616923
2018-01-08 19:48:11,0.13749999999999998,"b'@KatyTurNBC @MSNBC I can honestly say the level of @MichaelWolffNYC errors  is quite minuscule, very small, not material.'",0.13455301131616923
2018-01-08 19:42:51,-0.375,b'RT @SteveRattner: Trump loves to talk about jobs but note 2017 saw the least number of jobs created since\xe2\x80\xa62010!\nvia @thinkprogress https://\xe2\x80\xa6',0.13455301131616923
2018-01-08 19:26:37,-0.45,b'@MichaelWolffNYC on Katy Tur reiterates 100% are confused and concerned. \xe2\x80\x9cTrump can be depended on to do the wrong thing.\xe2\x80\x9d',0.13455301131616923
2018-01-07 23:08:41,-0.8,"b'@ezraklein @jaketapper Now that I\xe2\x80\x99ve finished @MichaelWolffNYC \xe2\x80\x98s book, all I can say is Holy crap....'",0.13455301131616923
2018-01-05 02:57:53,0.0,b'@tglocer You crack me up!',0.13455301131616923
2018-01-05 02:57:22,0.0,b'RT @MichaelWolffNYC: I kept waiting for that call to be made. https://t.co/RGm2SqLbKx',0.13455301131616923
2018-01-05 02:56:18,0.0,"b'RT @SteveRattner: Increase in Dow under:\n- Obama from Jan 20, 2009 to Jan 4, 2010: 33.2%\n- Trump from Jan 20, 2017 to Jan 4, 2018: 26.5%\xe2\x80\xa6'",0.13455301131616923
2018-01-05 02:54:32,0.0,"b'RT @MichaelWolffNYC: Here we go. You can buy it (and read it) tomorrow. Thank you, Mr. President.'",0.13455301131616923
2017-12-28 12:35:21,0.0,b'CNBC director accused of spying on teen nanny with bathroom cam https://t.co/AGZMo6Px1W',0.13455301131616923
2017-12-24 22:39:02,-0.24166666666666667,b'@joanwalsh @CNN My husband and I will watch CNN MORE and MSNBC LESS. Sorry about that @hardball @HardballChris. A**y L**k is an idiot.',0.13455301131616923
2017-12-18 14:37:16,0.0,b'DealBook Briefing: How Corporate America Feels About Taxes and Trump via @NYTimes https://t.co/Z6YVQuX7Rg',0.13455301131616923
2017-12-18 14:26:24,-0.2916666666666667,b'via @NYTimes NJ NY and CT are hard hit by Tax Plan https://t.co/gJ4M9PY0vF',0.13455301131616923
2017-12-16 10:32:01,-0.06666666666666667,b'RT @CGasparino: Perhaps we should pay less into the fed government so your social security check bounces https://t.co/sP5thy3wfK',0.13455301131616923
2017-12-16 10:27:27,0.65,"b'RT @adamfeuerstein: There are better sectors in which to invest, I guess. How does biotech become attractive again? https://t.co/UcLFrU9QL2'",0.13455301131616923
2017-12-14 08:25:29,0.5,"b'Kentucky Lawmaker Kills Himself Amid Sexual Assault Allegations, Officials Say via @NYTimes https://t.co/3QPJjPPW69'",0.13455301131616923
2017-12-14 06:55:02,0.13636363636363635,b'RT @CGasparino: Why should New Yorkers subsidize the rest of the country ? https://t.co/S3DnRo7Pak',0.13455301131616923
2017-12-14 06:54:07,0.0,"b'RT @CGasparino: under the GOP tax plan someone earning $75k a year gets an extra $2,000, which equals a ""whopping"" $38 a week, digest that\xe2\x80\xa6'",0.13455301131616923
2017-12-13 23:22:48,0.0,b'https://t.co/QHdfbHc1Uu',0.13455301131616923
2017-12-13 23:21:49,-0.08333333333333333,"b'RT @soledadobrien: Actually, it was black women. Change your headline. https://t.co/hFRFhLIq3o'",0.13455301131616923
2017-12-13 19:30:59,0.5,b'RT @tglocer: It also proved that the endorsement of a fellow sexual harasser is a losing proposition https://t.co/tu40C1CSTG',0.13455301131616923
2017-12-13 03:35:18,0.0,"b'RT @rob1cox: Hey Alabama, I apologize for all that smack talk about how you guys are welfare recipients on the back of us Northern taxpayer\xe2\x80\xa6'",0.13455301131616923
2017-12-13 03:34:40,-0.13333333333333333,"b""RT @NickKristof: A month of Sundays hit the calendar. There's a snowball fight in hell. A cow jumped over the moon. A Democrat will represe\xe2\x80\xa6""",0.13455301131616923
2017-12-13 03:33:42,0.0,"b'RT @TimOBrien: CNN, WaPost, NYT projecting Doug Jones the winner in Alabama. https://t.co/CZiuneKkuW'",0.13455301131616923
2017-12-13 03:00:51,0.3,"b'RT @kalpenn: If he wins, is he gonna ride his horsie to the Senate every day?'",0.13455301131616923
2017-12-13 03:00:32,-0.040404040404040414,"b'RT @dannysullivan: See? This is why search is hard. Suddenly you\'re all like ""New York Times needle!"" and we\'re like, ""Um, what needle?"" S\'\xe2\x80\xa6'",0.13455301131616923
2017-12-13 02:56:15,0.0,b'RT @poniewozik: Does the needle say you should be drinking Johnnie Walker Red or Johnnie Walker Blue',0.13455301131616923
2017-12-13 02:28:29,0.0,b'RT @HaroldItz: Roy Moore rode a horse called Sassy. Sassy was also a well-loved magazine for teen girls. https://t.co/qTIHESUIre',0.13455301131616923
2017-12-13 01:46:59,-0.8499999999999999,"b'RT @SteveRattner: Alabama\xe2\x80\x99s economy is in bad shape \xe2\x80\x93 with median incomes, poverty rates and healthcare access among the worst in the count\xe2\x80\xa6'",0.13455301131616923
2017-12-13 01:46:03,0.0,b'RT @DaviaTemin: Just found out I am one of the winners of the 2018 Enterprising Women of the Year Award by @EWMagazine -- Enterprising Wome\xe2\x80\xa6',0.13455301131616923
2017-12-13 01:45:08,0.0625,"b'RT @DougKass: I am not sure whether it is ""better"" for the Democratic party (and their results in Nov. 2018) if Moore loses or wins in the\xe2\x80\xa6'",0.13455301131616923
2017-12-13 01:44:28,0.0625,b'RT @ReformedBroker: In a few moments we\xe2\x80\x99ll find out what century it is in Alabama! So exciting!',0.13455301131616923
2017-12-13 01:44:12,0.04999999999999999,"b'RT @stuartenyt: We are literally able to say to a candidate today: ""F you but not the horse you rode in on, it\'s a poor animal that had no\xe2\x80\xa6'",0.13455301131616923
2017-12-12 02:08:29,0.0,b'Delicieux! https://t.co/dFNcBSBNMO',0.13455301131616923
2017-12-10 17:47:05,-0.12291666666666667,"b""RT @Christiana1987: There are so few women of color publicly taking part in this Me Too moment because it's already hard enough to get work\xe2\x80\xa6""",0.13455301131616923
2017-12-10 17:40:32,0.1,b'@jeffjarvis Agree completely',0.13455301131616923
2017-12-10 16:17:05,0.0,b'RT @brianstelter: See you on @CNN at 11am ET https://t.co/moPO5GnmRj',0.13455301131616923
2017-12-09 21:43:38,0.9099999999999999,b'Very good piece by @JeffSonnenfeld @YaleSOM This Is No Time For Silence https://t.co/1DCqsVKuJN via @ChiefExecutive.net',0.13455301131616923
2017-12-06 16:39:31,-0.07142857142857142,b'@mattcutts Single space. Agree',0.13455301131616923
2017-12-06 01:03:44,0.0,b'When asked abt technology? Henry Kissinger sez \xe2\x80\x9cI could talk til you serve breakfast.\xe2\x80\x9d',0.13455301131616923
2017-12-06 00:49:06,0.5333333333333333,b'I love Nancy\xe2\x80\x99s laugh and she looks GREAT https://t.co/fGrOmkfCRz',0.13455301131616923
2017-12-06 00:41:34,0.1,"b'RT @funder: John McCain lost nearly 20,000 twitter followers &amp; counting this week over his yes vote on the #GOPTaxScam after begging for 70\xe2\x80\xa6'",0.13455301131616923
2017-12-06 00:28:42,0.0,"b'Kissinger is mist worried about N.Korea nuclear. Proliferation thru out Asia, https://t.co/4rmQKM5cyb'",0.13455301131616923
2017-12-05 23:30:29,-0.05,b'Headed to honor Kissinger tonight. He is nothing if not direct. https://t.co/1myGWPzD7i',0.13455301131616923
2017-12-04 17:52:00,0.7,b'Mind boggling. In a good way.  https://t.co/l7Mt5F57J2',0.13455301131616923
2017-12-04 01:04:42,0.0,"b'RT @ChrisMurphyCT: This isn\'t over. Congress has to vote again. Help me reach 100,000 signatures opposing the GOP ""tax reform"" bill.  https\xe2\x80\xa6'",0.13455301131616923
2017-12-04 01:02:38,-0.3,b'RT @JohnRossBowie: These guys? Fucking PSYCHED about the private jet write-off. https://t.co/4VRkKnExcP',0.13455301131616923
2017-12-04 01:02:25,0.0,"b'RT @shannonrwatts: In retrospect, we should have taken to the streets when McConnell refused to let Obama rightfully fill a Supreme Court v\xe2\x80\xa6'",0.13455301131616923
2017-12-04 01:01:13,0.30000000000000004,b'RT @edemarse: This data keeps me sane. Keeps me calm. Humanity\xe2\x80\x99s goodness is unstoppable. https://t.co/TTYdyShSch',0.13455301131616923
2017-12-04 00:57:19,0.19285714285714284,"b'RT @matthaig1: Dear BBC,\n\nHere is how you deal with the far right: you report on them the way you would report on cancer. You invite an exp\xe2\x80\xa6'",0.13455301131616923
2017-12-04 00:56:52,0.0,"b'RT @BV: To see where Mueller is heading, @TimOBrien follows the timeline of Flynn lies https://t.co/JDyKjxhshl https://t.co/hEhLeryuLz'",0.13455301131616923
2017-12-04 00:56:12,0.024999999999999994,"b'RT @lcmoser: 1. Anyone got a minute to talk about gerrymandering? It may not sound exciting, but it\'s a big reason why Texas is a ""red"" sta\xe2\x80\xa6'",0.13455301131616923
2017-12-04 00:53:34,0.0,b'RT @SenJeffMerkley: I asked the senior senator from Texas to come to the floor and explain his Wall Street Welfare amendment that lets gian\xe2\x80\xa6',0.13455301131616923
2017-12-04 00:51:25,0.1875,"b'RT @BarbaraBoxer: What do you call a person who has made his biggest moral issue reducing the deb,t and then excitedly votes to raise the d\xe2\x80\xa6'",0.13455301131616923
2017-12-04 00:45:54,0.0,b'@MetOpera @CarltonTSC This is the Metropolitan Opera that denied the AIDS epidemic was real back in 1986. \xe2\x80\x9cDeeply d\xe2\x80\xa6 https://t.co/iBNZWiCGLK',0.13455301131616923
2017-12-03 19:19:50,-0.3214285714285714,b'RT @tonyschwartz: There is a special place in hell for every Republican who votes for this hideous tax bill \xe2\x80\x94 but especially fake principle\xe2\x80\xa6',0.13455301131616923
2017-12-03 19:19:16,0.10000000000000002,"b'RT @DougKass: The passing of a stimulative tax bill that will clearly worsen income inequality and, according to virtually all economists,\xe2\x80\xa6'",0.13455301131616923
2017-12-03 19:18:22,0.30000000000000004,b'This data keeps me sane. Keeps me calm. Humanity\xe2\x80\x99s goodness is unstoppable. https://t.co/TTYdyShSch',0.13455301131616923
2017-12-03 19:14:12,0.0,b'RT @CGasparino: pro tip: when they indict your campaign mgr; your national security adviser; investigate you son and son-in-law you face so\xe2\x80\xa6',0.13455301131616923
2017-11-30 19:39:08,-0.7,b'@stuartenyt Agree. Otherwise it is amplifying falsehood. I\xe2\x80\x99m v. Frustrated by this.',0.13455301131616923
2017-11-28 23:26:16,0.1,"b'RT @SteveRattner: Note to Rs: among 35 developed nations, US tax burden is the 5th LOWEST:\n#TaxReform https://t.co/YgsodWInQM'",0.13455301131616923
2017-11-28 20:35:54,-0.15833333333333335,b'I had to sue the governor of Illinois once when he was in private equity. Failure to honor a contract. No surprise\xe2\x80\xa6 https://t.co/2PogRAwRHK',0.13455301131616923
2017-11-28 14:40:33,0.0,b'@SusanPage Are you related?',0.13455301131616923
2017-11-28 14:36:33,1.0,b'@tglocer Very good!',0.13455301131616923
2017-11-27 00:49:17,0.0,b'Yes?',0.13455301131616923
2017-11-26 02:37:12,-0.2,"b'RT @stengel: Mr. President, just to clarify things, I wanted to offer a few statistics. Number of times you were Person of the Year during\xe2\x80\xa6'",0.13455301131616923
2017-11-21 04:51:22,0.0,b'RT @ReformedBroker: This is my fave story today - the doomsday preppers who are terrified of our financial system are now choosing BTC over\xe2\x80\xa6',0.13455301131616923
2017-11-21 04:18:31,0.04545454545454545,"b'Failing Subway Threatens New York\xe2\x80\x99s Financial Future, M.T.A. Chief Says via @NYTimes https://t.co/cWrFNw6Gwm'",0.13455301131616923
2017-11-20 06:39:12,0.0,"b'RT @BeschlossDC: Sinatra after pulling out tablecloth, Miami Beach, 1965:                 #Dominis https://t.co/YyiK0fXzIy'",0.13455301131616923
2017-11-19 20:02:18,0.0,b'https://t.co/m2l4VS6wqs',0.13455301131616923
2017-11-15 19:09:46,0.7,b'RT @tglocer: Always loved CSNY https://t.co/lmwaz9Je1H',0.13455301131616923
2017-11-15 19:03:54,0.0,"b'RT @felixsalmon: If you\xe2\x80\x99re in a high-profile position and you\xe2\x80\x99ve paid millions in sex-harassment hush money, you WILL be found out and you\xe2\x80\xa6'",0.13455301131616923
2017-11-12 17:30:38,0.0,"b""RT @tedlieu: I sit on the House Judiciary Committee and Lyin' Jeff Sessions will testify under oath this Tuesday morning. Retweet if you th\xe2\x80\xa6""",0.13455301131616923
2017-11-12 17:29:06,0.16666666666666666,b'@MarquardtA @ESCochrane Why doesn\xe2\x80\x99t main stream media call it what it is? Pedophilia!!Completely illegal!AGAINST TH\xe2\x80\xa6 https://t.co/N2TVj4MWK5',0.13455301131616923
2017-11-12 17:20:25,0.78125,b'@tonyschwartz We love you! Relax!',0.13455301131616923
2017-11-12 17:14:45,-0.6999999999999998,b'@felixsalmon It\xe2\x80\x99s really bad.',0.13455301131616923
2017-11-12 02:12:36,0.1,"b""Michael Bloomberg: 'Nothing Washington can do to stop' action to curb climate change - USA TODAY https://t.co/jzCzv9Gemw""",0.13455301131616923
2017-11-11 20:30:24,0.0,b'Gun stock ownership is war profiteering https://t.co/9GjcTYWmRb',0.13455301131616923
2017-11-11 18:27:43,0.375,"b'Please watch @60Minutes tomorrow night and learn what happened on June 6, 2014 in Afghanistan. The original report\xe2\x80\xa6 https://t.co/WKBS1bXbWk'",0.13455301131616923
2017-11-11 18:04:39,0.3875,"b'Please watch Important friendly fire investigation on 60 MINUTES on CBS - Sunday, November 12, 2017 https://t.co/focHBRsOio'",0.13455301131616923
2017-10-30 21:34:52,0.8,b'These R great journalists who know their stuff who do not deserve the stress &amp; bullshit of non payment@wallandbroad https://t.co/NX8s3ULfwP',0.13455301131616923
2017-10-25 13:41:57,0.0,b'This is beyond fascinating:Women in the developing world don\xe2\x80\x99t need cows and sewing machines.\xe2\x80\xa6 https://t.co/cVLxyFeMRu',0.13455301131616923
2017-10-20 21:00:00,0.1,b'RT @ReformedBroker: Screwing over young people. Animals. https://t.co/YlPe71tTi6',0.13455301131616923
2017-10-03 02:37:55,0.0,b'@edbott Bring back Matt Cutts?',0.13455301131616923
2017-10-03 02:32:48,0.0,b'@edbott Oh boy. Thank you.',0.13455301131616923
2017-10-03 02:27:42,0.16818181818181818,"b'RT @InmanNews: When you do real estate in this part of the world, the threat of hurricanes is just something you live with https://t.co/C8V\xe2\x80\xa6'",0.13455301131616923
2017-10-03 02:25:50,0.0,b'@DougKass \xe2\x9d\xa4\xef\xb8\x8f\xe2\x9d\xa4\xef\xb8\x8f\xe2\x9d\xa4\xef\xb8\x8f',0.13455301131616923
2017-10-03 02:25:29,0.0,b'@rob1cox @NRA Ha!',0.13455301131616923
2017-10-03 02:22:22,0.26666666666666666,b'@CGasparino Super ironic',0.13455301131616923
2017-10-03 02:21:50,-0.55,"b'RT @TimOBrien: Trump has spent his morning insulting the mayor of San Juan. Meanwhile, she\xe2\x80\x99s been wading chest-deep in water trying to help\xe2\x80\xa6'",0.13455301131616923
2017-10-03 02:21:14,0.0,"b""@edbott What about Richard Gingras? Isn't he in charge of Google News?""",0.13455301131616923
2017-10-03 02:19:12,-0.2,"b'RT @kalpenn: Americans killed on 9/11: 2,996\n\nDays it took Congress to authorize war:3\n\nAmericans killed by guns in 2017: 11,652\n\nDays in 2\xe2\x80\xa6'",0.13455301131616923
2017-10-01 14:26:03,0.0,"b'Such a giant @Ned_Newhouse S.I. Newhouse Jr., Publishing Icon Who Ran Cond\xc3\xa9 Nast, Dies at 89 via @NYTimes https://t.co/U7alPUYpVC'",0.13455301131616923
2017-09-30 07:00:15,0.2,b'Is there 2 much business tv? https://t.co/0PYaKM3D1I',0.13455301131616923
2017-09-30 06:48:19,0.0,b'RT @SteveRattner: So will price still pay the $50K reimbursement? Inquiring minds want to know! https://t.co/npRwfUNa5O',0.13455301131616923
2017-09-27 22:28:25,-0.1,b'SEC drops fraud charges against investor Lynn Tilton https://t.co/DHp6xCSdWM',0.13455301131616923
2017-09-27 19:44:00,0.0,"b""RT @stuartenyt: Something got under Trump's skin about how disaster in Puerto Rico was being ignored, he now sounds like Mr. I Am On It!""",0.13455301131616923
2017-09-26 03:12:40,0.0,b'RT @ReformedBroker: LOL he declared war on football. In America. Moron.',0.13455301131616923
2017-09-26 03:11:17,0.5,b'RT @kalpenn: How many Lock Her Up tweets am I allowed in one day? https://t.co/xp3Rw3T40G',0.13455301131616923
2017-09-26 03:10:06,0.0,b'Cowboys owner Jerry Jones kneels with Dallas players before anthem in Arizona https://t.co/86FdP0tqqb',0.13455301131616923
2017-09-24 19:06:18,0.25,"b'RT @jason_kint: I would respectfully edit this to say ""crawling up to the starting line."" @brianstelter https://t.co/J0C61tCHmv'",0.13455301131616923
2017-09-24 18:52:06,-0.125,"b'RT @MatthewModine: Dear people outside of the US. \n\nWhen you hear the @potus say ""We"" pls know he refers to a small, minority of Americans.\xe2\x80\xa6'",0.13455301131616923
2017-09-22 18:27:10,0.0,"b""Thank you @JimmyKimmelLive and @johnmccain2016 .God bless! Stay strong.Let's get back to work on a bipartisan health plan that works for all""",0.13455301131616923
2017-09-22 18:20:06,0.0,b'RT @MollyBeck: Regular order before bros https://t.co/zemhYXGFi3',0.13455301131616923
2017-09-17 15:06:26,0.06818181818181818,"b""I'm watching #MTP. Big fan of @chucktodd. Always well groomed. But today he looks a tad like Friar Tuck, with his new haircut.""",0.13455301131616923
2017-09-17 14:54:00,-0.07777777777777779,"b""RT @DougKass: Memo to my pal Sir Larry Kudlow: Enough with trickle down economics. It doesn't work.""",0.13455301131616923
2017-09-17 14:53:08,0.0,"b'RT @herbgreenberg: Thinking back 27-33 yrs, soon-to-be bankrupt Toys R Us was the place to go for diapers. My guess is that today it would\xe2\x80\xa6'",0.13455301131616923
2017-09-17 14:52:02,-0.07142857142857142,"b""As an operator, I am for single payer for those w/o it from their job. Ins. CO's spend 18-20% on admin. Medicare is 2%.""",0.13455301131616923
2017-09-12 14:36:46,0.3,b'@HoldMyBeerGif @bigbird___ Yikes. I love young men.',0.13455301131616923
2017-09-11 17:23:02,0.0,b'@alexburnsNYT Despicable',0.13455301131616923
2017-09-11 17:21:44,0.0,b'RT @MikeBloomberg: We will never forget. https://t.co/ueg5twxuOX',0.13455301131616923
2017-09-11 17:21:33,-0.17857142857142852,"b""RT @DougKass: Steve Bannon on 60 Minutes Now (CBS):  He is a banal and bad person who was Trump's right hand man.  Enough said.""",0.13455301131616923
2017-09-11 17:21:17,-0.37648809523809523,b'RT @tonyschwartz: What an amazingly evil and hateful man Steve Bannon is. Chilling to see how he skillfully moved Trump to hard right posit\xe2\x80\xa6',0.13455301131616923
2017-08-22 01:19:47,0.0,b'RT @ESCochrane: NOT 17 YEARS https://t.co/4ExUULkMgc',0.13455301131616923
2017-08-22 01:18:29,0.0,b'RT @SteveRattner: Trump is being Trump -- blaming predecessors',0.13455301131616923
2017-08-20 19:04:51,0.13749999999999998,"b'""Silent Sentinal"" GAR soldier near us. Funny! https://t.co/7LNUqLMJhb https://t.co/ZtELO7xScd'",0.13455301131616923
2017-08-20 18:19:04,-0.2916666666666667,b'#jamiedimon C.E.O.s Revolted Against Trump. Now Comes the Hard Part. via @NYTimes https://t.co/RTKoyHYV9m',0.13455301131616923
2017-08-19 00:19:37,0.0,b'RT @MikeBloomberg: My statement on Charlottesville: https://t.co/m9anou0nqK',0.13455301131616923
2017-08-18 15:53:43,0.0,"b""@JeffSonnenfeld and @AliVelshi Jeff called for business community to follow Ken Frazier's lead, and they did.""",0.13455301131616923
2017-08-18 15:49:15,0.2,b'RT @SusanPage: Um. Thanks? https://t.co/41hp3RKAnE',0.13455301131616923
2017-08-18 15:42:45,0.0,"b'My husband played Jim Taney, a descendent of Roger Taney, in this play:https://t.co/bJDnYmLqhz. #Reconciliation'",0.13455301131616923
2017-08-18 15:31:24,0.5549999999999999,b'@eastdakota Matthew Prince gave a very good thoughtful breakdown of his decision to remove Daily Caller from servers @AliVelshi very good',0.13455301131616923
2017-08-17 17:40:34,0.0,b'@CGasparino No one will EVER mistake you for a liberal\xf0\x9f\x91\x8d',0.13455301131616923
2017-08-17 17:38:44,-0.246875,b'RT @JeffSonnenfeld: Trump showing such little sympathy over the loss...eroded his moral base of leadershp https://t.co/DJIKI701v1 from @Yal\xe2\x80\xa6',0.13455301131616923
2017-08-17 17:38:04,-0.1,"b'RT @herbgreenberg: I\xe2\x80\x99ll repeat it again: He\xe2\x80\x99s like a kid who sees a sign that says, \xe2\x80\x9cWet paint, don\xe2\x80\x99t touch.""'",0.13455301131616923
2017-08-17 13:14:57,0.0,"b'@JeffSonnenfeld discusses how divide and conquering CEO\'s is no longer working. ""Hang together or hang separately""'",0.13455301131616923
2017-08-17 13:09:15,0.0,b'RT @CoryBooker: I will be introducing a bill to remove Confederate statues from the US Capitol building. This is just one step. We have muc\xe2\x80\xa6',0.13455301131616923
2017-08-17 13:08:49,-0.19999999999999998,"b'RT @tglocer: Yeah,  really unfair of the FAKE media to capture video and sound of vile and racist remarks emanating somehow from your mouth\xe2\x80\xa6'",0.13455301131616923
2017-08-16 21:11:29,-0.05,"b'My friend, @BeschlossDC tries to put Charlottesville in historical perspective. Michael ""doesn\'t understand why congress is so polite,"" here'",0.13455301131616923
2017-08-15 21:28:45,0.0,b'RT @BeschlossDC: https://t.co/lwX9UJMPeU',0.13455301131616923
